Item,Condition,Category,Instructions,Source,VerificationStatus,CaliforniaFinding
Steel food can,Empty and rinsed,Recyclable,No preparation needed.,https://www.normalil.gov/482/Recyclable-Items,Municipal rule checked; not confirmed for SAMI,Common container; local confirmation required
Steel food can,Contains residue,Recyclable after preparation,Empty and rinse.,https://www.normalil.gov/482/Recyclable-Items,Municipal rule checked; not confirmed for SAMI,Common container; remove residue first
Aluminum can,Empty and rinsed,Recyclable,No preparation needed.,https://www.normalil.gov/482/Recyclable-Items,Municipal rule checked; not confirmed for SAMI,Common container; local confirmation required
Aluminum can,Contains residue,Recyclable after preparation,Empty and rinse.,https://www.normalil.gov/482/Recyclable-Items,Municipal rule checked; not confirmed for SAMI,Common container; remove residue first
Glass bottle,Empty and rinsed,Recyclable,No preparation needed.,https://www.normalil.gov/482/Recyclable-Items,Municipal rule checked; not confirmed for SAMI,Common container; local confirmation required
Glass bottle,Contains residue,Recyclable after preparation,Empty and rinse.,https://www.normalil.gov/482/Recyclable-Items,Municipal rule checked; not confirmed for SAMI,Common container; remove residue first
Glass jar,Empty and rinsed,Recyclable,No preparation needed.,https://www.normalil.gov/482/Recyclable-Items,Municipal rule checked; not confirmed for SAMI,Common container; local confirmation required
Glass jar,Contains residue,Recyclable after preparation,Empty and rinse.,https://www.normalil.gov/482/Recyclable-Items,Municipal rule checked; not confirmed for SAMI,Common container; remove residue first
Plastic bottle,Empty and rinsed,Recyclable,No preparation needed.,https://www.normalil.gov/482/Recyclable-Items,Municipal rule checked; not confirmed for SAMI,Confirm resin and local acceptance
Plastic bottle,Contains residue,Recyclable after preparation,Empty and rinse.,https://www.normalil.gov/482/Recyclable-Items,Municipal rule checked; not confirmed for SAMI,Confirm resin and local acceptance
Plastic tub,Empty and rinsed,Recyclable,No preparation needed.,https://www.normalil.gov/482/Recyclable-Items,Municipal rule checked; not confirmed for SAMI,Confirm resin and local acceptance
Plastic tub,Contains residue,Recyclable after preparation,Empty and rinse.,https://www.normalil.gov/482/Recyclable-Items,Municipal rule checked; not confirmed for SAMI,Confirm resin and local acceptance
Plastic jug,Empty and rinsed,Recyclable,No preparation needed.,https://www.normalil.gov/482/Recyclable-Items,Municipal rule checked; not confirmed for SAMI,Confirm resin and local acceptance
Plastic jug,Contains residue,Recyclable after preparation,Empty and rinse.,https://www.normalil.gov/482/Recyclable-Items,Municipal rule checked; not confirmed for SAMI,Confirm resin and local acceptance
Corrugated cardboard box,Flattened,Recyclable,No preparation needed.,https://www.normalil.gov/482/Recyclable-Items,Municipal rule checked; not confirmed for SAMI,Common material; coating and local rules matter
Corrugated cardboard box,Not flattened,Recyclable after preparation,Flatten.,https://www.normalil.gov/482/Recyclable-Items,Municipal rule checked; not confirmed for SAMI,Common material; coating and local rules matter
Plastic shopping bag,As described in item name,Not accepted in recycling,Check a participating store collection program.,https://www.normalil.gov/483/Non-Recyclable-Items,Municipal rule checked; not confirmed for SAMI,Film/bag guidance; confirm specific program
Expanded foam container,As described in item name,Not accepted in recycling,Excluded from this recycling program; this source does not establish a final disposal route.,https://www.normalil.gov/483/Non-Recyclable-Items,Municipal rule checked; not confirmed for SAMI,Foam: no curbside approval in reviewed guidance
Six-pack plastic ring,As described in item name,Not accepted in recycling,Excluded from this recycling program; this source does not establish a final disposal route.,https://www.normalil.gov/483/Non-Recyclable-Items,Municipal rule checked; not confirmed for SAMI,Item-specific California determination not established
Gable-top beverage carton,As described in item name,Not accepted in recycling,Excluded from this recycling program; this source does not establish a final disposal route.,https://www.normalil.gov/483/Non-Recyclable-Items,Municipal rule checked; not confirmed for SAMI,Check local carton acceptance
Soiled paper towel,As described in item name,Not accepted in recycling,Excluded from this recycling program; this source does not establish a final disposal route.,https://www.normalil.gov/483/Non-Recyclable-Items,Municipal rule checked; not confirmed for SAMI,Check local organics acceptance
Ceramic dinnerware,As described in item name,Not accepted in recycling,Excluded from this recycling program; this source does not establish a final disposal route.,https://www.normalil.gov/483/Non-Recyclable-Items,Municipal rule checked; not confirmed for SAMI,Not covered by bottle-and-jar acceptance
Plastic children's toy,As described in item name,Not accepted in recycling,Excluded from this recycling program; this source does not establish a final disposal route.,https://www.normalil.gov/483/Non-Recyclable-Items,Municipal rule checked; not confirmed for SAMI,Durable-item guidance requires local confirmation
Rechargeable battery,As described in item name,Not accepted in recycling,Check an approved battery collection program.,https://www.normalil.gov/483/Non-Recyclable-Items,Municipal rule checked; not confirmed for SAMI,Special collection required in California
Aluminum soda can,Empty and rinsed; no food or product residue,Recyclable,No preparation needed under the municipal rule.,https://www.normalil.gov/482/Recyclable-Items,Rule-derived example; checked 2026-09-21; not individually verified for SAMI,Common container; local confirmation required
Aluminum soda can,Contains removable food or product residue,Recyclable after preparation,Remove the contents and rinse away residue before recycling.,https://www.normalil.gov/482/Recyclable-Items,Rule-derived example; checked 2026-09-21; not individually verified for SAMI,Common container; remove residue first
Aluminum seltzer can,Empty and rinsed; no food or product residue,Recyclable,No preparation needed under the municipal rule.,https://www.normalil.gov/482/Recyclable-Items,Rule-derived example; checked 2026-09-21; not individually verified for SAMI,Common container; local confirmation required
Aluminum seltzer can,Contains removable food or product residue,Recyclable after preparation,Remove the contents and rinse away residue before recycling.,https://www.normalil.gov/482/Recyclable-Items,Rule-derived example; checked 2026-09-21; not individually verified for SAMI,Common container; remove residue first
Aluminum energy drink can,Empty and rinsed; no food or product residue,Recyclable,No preparation needed under the municipal rule.,https://www.normalil.gov/482/Recyclable-Items,Rule-derived example; checked 2026-09-21; not individually verified for SAMI,Common container; local confirmation required
Aluminum energy drink can,Contains removable food or product residue,Recyclable after preparation,Remove the contents and rinse away residue before recycling.,https://www.normalil.gov/482/Recyclable-Items,Rule-derived example; checked 2026-09-21; not individually verified for SAMI,Common container; remove residue first
Steel soup can,Empty and rinsed; no food or product residue,Recyclable,No preparation needed under the municipal rule.,https://www.normalil.gov/482/Recyclable-Items,Rule-derived example; checked 2026-09-21; not individually verified for SAMI,Common container; local confirmation required
Steel soup can,Contains removable food or product residue,Recyclable after preparation,Remove the contents and rinse away residue before recycling.,https://www.normalil.gov/482/Recyclable-Items,Rule-derived example; checked 2026-09-21; not individually verified for SAMI,Common container; remove residue first
Steel vegetable can,Empty and rinsed; no food or product residue,Recyclable,No preparation needed under the municipal rule.,https://www.normalil.gov/482/Recyclable-Items,Rule-derived example; checked 2026-09-21; not individually verified for SAMI,Common container; local confirmation required
Steel vegetable can,Contains removable food or product residue,Recyclable after preparation,Remove the contents and rinse away residue before recycling.,https://www.normalil.gov/482/Recyclable-Items,Rule-derived example; checked 2026-09-21; not individually verified for SAMI,Common container; remove residue first
Steel bean can,Empty and rinsed; no food or product residue,Recyclable,No preparation needed under the municipal rule.,https://www.normalil.gov/482/Recyclable-Items,Rule-derived example; checked 2026-09-21; not individually verified for SAMI,Common container; local confirmation required
Steel bean can,Contains removable food or product residue,Recyclable after preparation,Remove the contents and rinse away residue before recycling.,https://www.normalil.gov/482/Recyclable-Items,Rule-derived example; checked 2026-09-21; not individually verified for SAMI,Common container; remove residue first
Steel fruit can,Empty and rinsed; no food or product residue,Recyclable,No preparation needed under the municipal rule.,https://www.normalil.gov/482/Recyclable-Items,Rule-derived example; checked 2026-09-21; not individually verified for SAMI,Common container; local confirmation required
Steel fruit can,Contains removable food or product residue,Recyclable after preparation,Remove the contents and rinse away residue before recycling.,https://www.normalil.gov/482/Recyclable-Items,Rule-derived example; checked 2026-09-21; not individually verified for SAMI,Common container; remove residue first
Steel tuna can,Empty and rinsed; no food or product residue,Recyclable,No preparation needed under the municipal rule.,https://www.normalil.gov/482/Recyclable-Items,Rule-derived example; checked 2026-09-21; not individually verified for SAMI,Common container; local confirmation required
Steel tuna can,Contains removable food or product residue,Recyclable after preparation,Remove the contents and rinse away residue before recycling.,https://www.normalil.gov/482/Recyclable-Items,Rule-derived example; checked 2026-09-21; not individually verified for SAMI,Common container; remove residue first
Steel pet food can,Empty and rinsed; no food or product residue,Recyclable,No preparation needed under the municipal rule.,https://www.normalil.gov/482/Recyclable-Items,Rule-derived example; checked 2026-09-21; not individually verified for SAMI,Common container; local confirmation required
Steel pet food can,Contains removable food or product residue,Recyclable after preparation,Remove the contents and rinse away residue before recycling.,https://www.normalil.gov/482/Recyclable-Items,Rule-derived example; checked 2026-09-21; not individually verified for SAMI,Common container; remove residue first
Steel tomato can,Empty and rinsed; no food or product residue,Recyclable,No preparation needed under the municipal rule.,https://www.normalil.gov/482/Recyclable-Items,Rule-derived example; checked 2026-09-21; not individually verified for SAMI,Common container; local confirmation required
Steel tomato can,Contains removable food or product residue,Recyclable after preparation,Remove the contents and rinse away residue before recycling.,https://www.normalil.gov/482/Recyclable-Items,Rule-derived example; checked 2026-09-21; not individually verified for SAMI,Common container; remove residue first
Glass juice bottle,Empty and rinsed; no food or product residue,Recyclable,No preparation needed under the municipal rule.,https://www.normalil.gov/482/Recyclable-Items,Rule-derived example; checked 2026-09-21; not individually verified for SAMI,Common container; local confirmation required
Glass juice bottle,Contains removable food or product residue,Recyclable after preparation,Remove the contents and rinse away residue before recycling.,https://www.normalil.gov/482/Recyclable-Items,Rule-derived example; checked 2026-09-21; not individually verified for SAMI,Common container; remove residue first
Glass wine bottle,Empty and rinsed; no food or product residue,Recyclable,No preparation needed under the municipal rule.,https://www.normalil.gov/482/Recyclable-Items,Rule-derived example; checked 2026-09-21; not individually verified for SAMI,Common container; local confirmation required
Glass wine bottle,Contains removable food or product residue,Recyclable after preparation,Remove the contents and rinse away residue before recycling.,https://www.normalil.gov/482/Recyclable-Items,Rule-derived example; checked 2026-09-21; not individually verified for SAMI,Common container; remove residue first
Glass beer bottle,Empty and rinsed; no food or product residue,Recyclable,No preparation needed under the municipal rule.,https://www.normalil.gov/482/Recyclable-Items,Rule-derived example; checked 2026-09-21; not individually verified for SAMI,Common container; local confirmation required
Glass beer bottle,Contains removable food or product residue,Recyclable after preparation,Remove the contents and rinse away residue before recycling.,https://www.normalil.gov/482/Recyclable-Items,Rule-derived example; checked 2026-09-21; not individually verified for SAMI,Common container; remove residue first
Glass olive oil bottle,Empty and rinsed; no food or product residue,Recyclable,No preparation needed under the municipal rule.,https://www.normalil.gov/482/Recyclable-Items,Rule-derived example; checked 2026-09-21; not individually verified for SAMI,Common container; local confirmation required
Glass olive oil bottle,Contains removable food or product residue,Recyclable after preparation,Remove the contents and rinse away residue before recycling.,https://www.normalil.gov/482/Recyclable-Items,Rule-derived example; checked 2026-09-21; not individually verified for SAMI,Common container; remove residue first
Glass vinegar bottle,Empty and rinsed; no food or product residue,Recyclable,No preparation needed under the municipal rule.,https://www.normalil.gov/482/Recyclable-Items,Rule-derived example; checked 2026-09-21; not individually verified for SAMI,Common container; local confirmation required
Glass vinegar bottle,Contains removable food or product residue,Recyclable after preparation,Remove the contents and rinse away residue before recycling.,https://www.normalil.gov/482/Recyclable-Items,Rule-derived example; checked 2026-09-21; not individually verified for SAMI,Common container; remove residue first
Glass syrup bottle,Empty and rinsed; no food or product residue,Recyclable,No preparation needed under the municipal rule.,https://www.normalil.gov/482/Recyclable-Items,Rule-derived example; checked 2026-09-21; not individually verified for SAMI,Common container; local confirmation required
Glass syrup bottle,Contains removable food or product residue,Recyclable after preparation,Remove the contents and rinse away residue before recycling.,https://www.normalil.gov/482/Recyclable-Items,Rule-derived example; checked 2026-09-21; not individually verified for SAMI,Common container; remove residue first
Glass pasta sauce jar,Empty and rinsed; no food or product residue,Recyclable,No preparation needed under the municipal rule.,https://www.normalil.gov/482/Recyclable-Items,Rule-derived example; checked 2026-09-21; not individually verified for SAMI,Common container; local confirmation required
Glass pasta sauce jar,Contains removable food or product residue,Recyclable after preparation,Remove the contents and rinse away residue before recycling.,https://www.normalil.gov/482/Recyclable-Items,Rule-derived example; checked 2026-09-21; not individually verified for SAMI,Common container; remove residue first
Glass pickle jar,Empty and rinsed; no food or product residue,Recyclable,No preparation needed under the municipal rule.,https://www.normalil.gov/482/Recyclable-Items,Rule-derived example; checked 2026-09-21; not individually verified for SAMI,Common container; local confirmation required
Glass pickle jar,Contains removable food or product residue,Recyclable after preparation,Remove the contents and rinse away residue before recycling.,https://www.normalil.gov/482/Recyclable-Items,Rule-derived example; checked 2026-09-21; not individually verified for SAMI,Common container; remove residue first
Glass jam jar,Empty and rinsed; no food or product residue,Recyclable,No preparation needed under the municipal rule.,https://www.normalil.gov/482/Recyclable-Items,Rule-derived example; checked 2026-09-21; not individually verified for SAMI,Common container; local confirmation required
Glass jam jar,Contains removable food or product residue,Recyclable after preparation,Remove the contents and rinse away residue before recycling.,https://www.normalil.gov/482/Recyclable-Items,Rule-derived example; checked 2026-09-21; not individually verified for SAMI,Common container; remove residue first
Glass baby food jar,Empty and rinsed; no food or product residue,Recyclable,No preparation needed under the municipal rule.,https://www.normalil.gov/482/Recyclable-Items,Rule-derived example; checked 2026-09-21; not individually verified for SAMI,Common container; local confirmation required
Glass baby food jar,Contains removable food or product residue,Recyclable after preparation,Remove the contents and rinse away residue before recycling.,https://www.normalil.gov/482/Recyclable-Items,Rule-derived example; checked 2026-09-21; not individually verified for SAMI,Common container; remove residue first
Glass salsa jar,Empty and rinsed; no food or product residue,Recyclable,No preparation needed under the municipal rule.,https://www.normalil.gov/482/Recyclable-Items,Rule-derived example; checked 2026-09-21; not individually verified for SAMI,Common container; local confirmation required
Glass salsa jar,Contains removable food or product residue,Recyclable after preparation,Remove the contents and rinse away residue before recycling.,https://www.normalil.gov/482/Recyclable-Items,Rule-derived example; checked 2026-09-21; not individually verified for SAMI,Common container; remove residue first
Glass instant coffee jar,Empty and rinsed; no food or product residue,Recyclable,No preparation needed under the municipal rule.,https://www.normalil.gov/482/Recyclable-Items,Rule-derived example; checked 2026-09-21; not individually verified for SAMI,Common container; local confirmation required
Glass instant coffee jar,Contains removable food or product residue,Recyclable after preparation,Remove the contents and rinse away residue before recycling.,https://www.normalil.gov/482/Recyclable-Items,Rule-derived example; checked 2026-09-21; not individually verified for SAMI,Common container; remove residue first
PET plastic water bottle,Empty and rinsed; no food or product residue,Recyclable,No preparation needed under the municipal rule.,https://www.normalil.gov/482/Recyclable-Items,Rule-derived example; checked 2026-09-21; not individually verified for SAMI,Common #1/#2 container; local confirmation required
PET plastic water bottle,Contains removable food or product residue,Recyclable after preparation,Remove the contents and rinse away residue before recycling.,https://www.normalil.gov/482/Recyclable-Items,Rule-derived example; checked 2026-09-21; not individually verified for SAMI,Common #1/#2 container; remove residue first
PET plastic soda bottle,Empty and rinsed; no food or product residue,Recyclable,No preparation needed under the municipal rule.,https://www.normalil.gov/482/Recyclable-Items,Rule-derived example; checked 2026-09-21; not individually verified for SAMI,Common #1/#2 container; local confirmation required
PET plastic soda bottle,Contains removable food or product residue,Recyclable after preparation,Remove the contents and rinse away residue before recycling.,https://www.normalil.gov/482/Recyclable-Items,Rule-derived example; checked 2026-09-21; not individually verified for SAMI,Common #1/#2 container; remove residue first
PET plastic juice bottle,Empty and rinsed; no food or product residue,Recyclable,No preparation needed under the municipal rule.,https://www.normalil.gov/482/Recyclable-Items,Rule-derived example; checked 2026-09-21; not individually verified for SAMI,Common #1/#2 container; local confirmation required
PET plastic juice bottle,Contains removable food or product residue,Recyclable after preparation,Remove the contents and rinse away residue before recycling.,https://www.normalil.gov/482/Recyclable-Items,Rule-derived example; checked 2026-09-21; not individually verified for SAMI,Common #1/#2 container; remove residue first
PET plastic sports drink bottle,Empty and rinsed; no food or product residue,Recyclable,No preparation needed under the municipal rule.,https://www.normalil.gov/482/Recyclable-Items,Rule-derived example; checked 2026-09-21; not individually verified for SAMI,Common #1/#2 container; local confirmation required
PET plastic sports drink bottle,Contains removable food or product residue,Recyclable after preparation,Remove the contents and rinse away residue before recycling.,https://www.normalil.gov/482/Recyclable-Items,Rule-derived example; checked 2026-09-21; not individually verified for SAMI,Common #1/#2 container; remove residue first
PET plastic cooking oil bottle,Empty and rinsed; no food or product residue,Recyclable,No preparation needed under the municipal rule.,https://www.normalil.gov/482/Recyclable-Items,Rule-derived example; checked 2026-09-21; not individually verified for SAMI,Common #1/#2 container; local confirmation required
PET plastic cooking oil bottle,Contains removable food or product residue,Recyclable after preparation,Remove the contents and rinse away residue before recycling.,https://www.normalil.gov/482/Recyclable-Items,Rule-derived example; checked 2026-09-21; not individually verified for SAMI,Common #1/#2 container; remove residue first
PET plastic salad dressing bottle,Empty and rinsed; no food or product residue,Recyclable,No preparation needed under the municipal rule.,https://www.normalil.gov/482/Recyclable-Items,Rule-derived example; checked 2026-09-21; not individually verified for SAMI,Common #1/#2 container; local confirmation required
PET plastic salad dressing bottle,Contains removable food or product residue,Recyclable after preparation,Remove the contents and rinse away residue before recycling.,https://www.normalil.gov/482/Recyclable-Items,Rule-derived example; checked 2026-09-21; not individually verified for SAMI,Common #1/#2 container; remove residue first
HDPE plastic milk jug,Empty and rinsed; no food or product residue,Recyclable,No preparation needed under the municipal rule.,https://www.normalil.gov/482/Recyclable-Items,Rule-derived example; checked 2026-09-21; not individually verified for SAMI,Common #1/#2 container; local confirmation required
HDPE plastic milk jug,Contains removable food or product residue,Recyclable after preparation,Remove the contents and rinse away residue before recycling.,https://www.normalil.gov/482/Recyclable-Items,Rule-derived example; checked 2026-09-21; not individually verified for SAMI,Common #1/#2 container; remove residue first
HDPE plastic juice jug,Empty and rinsed; no food or product residue,Recyclable,No preparation needed under the municipal rule.,https://www.normalil.gov/482/Recyclable-Items,Rule-derived example; checked 2026-09-21; not individually verified for SAMI,Common #1/#2 container; local confirmation required
HDPE plastic juice jug,Contains removable food or product residue,Recyclable after preparation,Remove the contents and rinse away residue before recycling.,https://www.normalil.gov/482/Recyclable-Items,Rule-derived example; checked 2026-09-21; not individually verified for SAMI,Common #1/#2 container; remove residue first
HDPE plastic laundry detergent jug,Empty and rinsed; no food or product residue,Recyclable,No preparation needed under the municipal rule.,https://www.normalil.gov/482/Recyclable-Items,Rule-derived example; checked 2026-09-21; not individually verified for SAMI,Common #1/#2 container; local confirmation required
HDPE plastic laundry detergent jug,Contains removable food or product residue,Recyclable after preparation,Remove the contents and rinse away residue before recycling.,https://www.normalil.gov/482/Recyclable-Items,Rule-derived example; checked 2026-09-21; not individually verified for SAMI,Common #1/#2 container; remove residue first
HDPE plastic fabric softener bottle,Empty and rinsed; no food or product residue,Recyclable,No preparation needed under the municipal rule.,https://www.normalil.gov/482/Recyclable-Items,Rule-derived example; checked 2026-09-21; not individually verified for SAMI,Common #1/#2 container; local confirmation required
HDPE plastic fabric softener bottle,Contains removable food or product residue,Recyclable after preparation,Remove the contents and rinse away residue before recycling.,https://www.normalil.gov/482/Recyclable-Items,Rule-derived example; checked 2026-09-21; not individually verified for SAMI,Common #1/#2 container; remove residue first
HDPE plastic shampoo bottle,Empty and rinsed; no food or product residue,Recyclable,No preparation needed under the municipal rule.,https://www.normalil.gov/482/Recyclable-Items,Rule-derived example; checked 2026-09-21; not individually verified for SAMI,Common #1/#2 container; local confirmation required
HDPE plastic shampoo bottle,Contains removable food or product residue,Recyclable after preparation,Remove the contents and rinse away residue before recycling.,https://www.normalil.gov/482/Recyclable-Items,Rule-derived example; checked 2026-09-21; not individually verified for SAMI,Common #1/#2 container; remove residue first
HDPE plastic conditioner bottle,Empty and rinsed; no food or product residue,Recyclable,No preparation needed under the municipal rule.,https://www.normalil.gov/482/Recyclable-Items,Rule-derived example; checked 2026-09-21; not individually verified for SAMI,Common #1/#2 container; local confirmation required
HDPE plastic conditioner bottle,Contains removable food or product residue,Recyclable after preparation,Remove the contents and rinse away residue before recycling.,https://www.normalil.gov/482/Recyclable-Items,Rule-derived example; checked 2026-09-21; not individually verified for SAMI,Common #1/#2 container; remove residue first
HDPE plastic body wash bottle,Empty and rinsed; no food or product residue,Recyclable,No preparation needed under the municipal rule.,https://www.normalil.gov/482/Recyclable-Items,Rule-derived example; checked 2026-09-21; not individually verified for SAMI,Common #1/#2 container; local confirmation required
HDPE plastic body wash bottle,Contains removable food or product residue,Recyclable after preparation,Remove the contents and rinse away residue before recycling.,https://www.normalil.gov/482/Recyclable-Items,Rule-derived example; checked 2026-09-21; not individually verified for SAMI,Common #1/#2 container; remove residue first
HDPE plastic lotion bottle,Empty and rinsed; no food or product residue,Recyclable,No preparation needed under the municipal rule.,https://www.normalil.gov/482/Recyclable-Items,Rule-derived example; checked 2026-09-21; not individually verified for SAMI,Common #1/#2 container; local confirmation required
HDPE plastic lotion bottle,Contains removable food or product residue,Recyclable after preparation,Remove the contents and rinse away residue before recycling.,https://www.normalil.gov/482/Recyclable-Items,Rule-derived example; checked 2026-09-21; not individually verified for SAMI,Common #1/#2 container; remove residue first
PP plastic yogurt tub,Empty and rinsed; no food or product residue,Recyclable,No preparation needed under the municipal rule.,https://www.normalil.gov/482/Recyclable-Items,Rule-derived example; checked 2026-09-21; not individually verified for SAMI,Check local polypropylene-container acceptance
PP plastic yogurt tub,Contains removable food or product residue,Recyclable after preparation,Remove the contents and rinse away residue before recycling.,https://www.normalil.gov/482/Recyclable-Items,Rule-derived example; checked 2026-09-21; not individually verified for SAMI,Check local polypropylene-container acceptance
PP plastic sour cream tub,Empty and rinsed; no food or product residue,Recyclable,No preparation needed under the municipal rule.,https://www.normalil.gov/482/Recyclable-Items,Rule-derived example; checked 2026-09-21; not individually verified for SAMI,Check local polypropylene-container acceptance
PP plastic sour cream tub,Contains removable food or product residue,Recyclable after preparation,Remove the contents and rinse away residue before recycling.,https://www.normalil.gov/482/Recyclable-Items,Rule-derived example; checked 2026-09-21; not individually verified for SAMI,Check local polypropylene-container acceptance
PP plastic butter tub,Empty and rinsed; no food or product residue,Recyclable,No preparation needed under the municipal rule.,https://www.normalil.gov/482/Recyclable-Items,Rule-derived example; checked 2026-09-21; not individually verified for SAMI,Check local polypropylene-container acceptance
PP plastic butter tub,Contains removable food or product residue,Recyclable after preparation,Remove the contents and rinse away residue before recycling.,https://www.normalil.gov/482/Recyclable-Items,Rule-derived example; checked 2026-09-21; not individually verified for SAMI,Check local polypropylene-container acceptance
PP plastic cottage cheese tub,Empty and rinsed; no food or product residue,Recyclable,No preparation needed under the municipal rule.,https://www.normalil.gov/482/Recyclable-Items,Rule-derived example; checked 2026-09-21; not individually verified for SAMI,Check local polypropylene-container acceptance
PP plastic cottage cheese tub,Contains removable food or product residue,Recyclable after preparation,Remove the contents and rinse away residue before recycling.,https://www.normalil.gov/482/Recyclable-Items,Rule-derived example; checked 2026-09-21; not individually verified for SAMI,Check local polypropylene-container acceptance
PET plastic peanut butter jar,Empty and rinsed; no food or product residue,Recyclable,No preparation needed under the municipal rule.,https://www.normalil.gov/482/Recyclable-Items,Rule-derived example; checked 2026-09-21; not individually verified for SAMI,Common #1/#2 container; local confirmation required
PET plastic peanut butter jar,Contains removable food or product residue,Recyclable after preparation,Remove the contents and rinse away residue before recycling.,https://www.normalil.gov/482/Recyclable-Items,Rule-derived example; checked 2026-09-21; not individually verified for SAMI,Common #1/#2 container; remove residue first
PP plastic hummus tub,Empty and rinsed; no food or product residue,Recyclable,No preparation needed under the municipal rule.,https://www.normalil.gov/482/Recyclable-Items,Rule-derived example; checked 2026-09-21; not individually verified for SAMI,Check local polypropylene-container acceptance
PP plastic hummus tub,Contains removable food or product residue,Recyclable after preparation,Remove the contents and rinse away residue before recycling.,https://www.normalil.gov/482/Recyclable-Items,Rule-derived example; checked 2026-09-21; not individually verified for SAMI,Check local polypropylene-container acceptance
PP plastic kitty litter bucket (2 gallons),Empty and rinsed; no food or product residue,Recyclable,No preparation needed under the municipal rule.,https://www.normalil.gov/482/Recyclable-Items,Rule-derived example; checked 2026-09-21; not individually verified for SAMI,SB 54 material classification; local acceptance check
PP plastic kitty litter bucket (2 gallons),Contains removable food or product residue,Recyclable after preparation,Remove the contents and rinse away residue before recycling.,https://www.normalil.gov/482/Recyclable-Items,Rule-derived example; checked 2026-09-21; not individually verified for SAMI,SB 54 material classification; local acceptance check
HDPE plastic laundry powder bucket (1 gallon),Empty and rinsed; no food or product residue,Recyclable,No preparation needed under the municipal rule.,https://www.normalil.gov/482/Recyclable-Items,Rule-derived example; checked 2026-09-21; not individually verified for SAMI,SB 54 material classification; local acceptance check
HDPE plastic laundry powder bucket (1 gallon),Contains removable food or product residue,Recyclable after preparation,Remove the contents and rinse away residue before recycling.,https://www.normalil.gov/482/Recyclable-Items,Rule-derived example; checked 2026-09-21; not individually verified for SAMI,SB 54 material classification; local acceptance check
HDPE plastic food storage bucket (5 gallons),Empty and rinsed; no food or product residue,Recyclable,No preparation needed under the municipal rule.,https://www.normalil.gov/482/Recyclable-Items,Rule-derived example; checked 2026-09-21; not individually verified for SAMI,SB 54 material classification; local acceptance check
HDPE plastic food storage bucket (5 gallons),Contains removable food or product residue,Recyclable after preparation,Remove the contents and rinse away residue before recycling.,https://www.normalil.gov/482/Recyclable-Items,Rule-derived example; checked 2026-09-21; not individually verified for SAMI,SB 54 material classification; local acceptance check
Aluminum foil food sheet,Empty and rinsed; no food or product residue,Recyclable,No preparation needed under the municipal rule.,https://www.normalil.gov/482/Recyclable-Items,Rule-derived example; checked 2026-09-21; not individually verified for SAMI,SB 54 material classification; local acceptance check
Aluminum foil food sheet,Contains removable food or product residue,Recyclable after preparation,Remove the contents and rinse away residue before recycling.,https://www.normalil.gov/482/Recyclable-Items,Rule-derived example; checked 2026-09-21; not individually verified for SAMI,SB 54 material classification; local acceptance check
Aluminum pie pan,Empty and rinsed; no food or product residue,Recyclable,No preparation needed under the municipal rule.,https://www.normalil.gov/482/Recyclable-Items,Rule-derived example; checked 2026-09-21; not individually verified for SAMI,SB 54 material classification; local acceptance check
Aluminum pie pan,Contains removable food or product residue,Recyclable after preparation,Remove the contents and rinse away residue before recycling.,https://www.normalil.gov/482/Recyclable-Items,Rule-derived example; checked 2026-09-21; not individually verified for SAMI,SB 54 material classification; local acceptance check
Aluminum roasting tray,Empty and rinsed; no food or product residue,Recyclable,No preparation needed under the municipal rule.,https://www.normalil.gov/482/Recyclable-Items,Rule-derived example; checked 2026-09-21; not individually verified for SAMI,SB 54 material classification; local acceptance check
Aluminum roasting tray,Contains removable food or product residue,Recyclable after preparation,Remove the contents and rinse away residue before recycling.,https://www.normalil.gov/482/Recyclable-Items,Rule-derived example; checked 2026-09-21; not individually verified for SAMI,SB 54 material classification; local acceptance check
Corrugated shipping box,Clean and dry; flattened; no packing materials,Recyclable,No preparation needed under the municipal rule.,https://www.normalil.gov/482/Recyclable-Items,Rule-derived example; checked 2026-09-21; not individually verified for SAMI,Common material; coating and local rules matter
Corrugated shipping box,Clean and dry; not flattened; no packing materials,Recyclable after preparation,Flatten the cardboard before recycling.,https://www.normalil.gov/482/Recyclable-Items,Rule-derived example; checked 2026-09-21; not individually verified for SAMI,Common material; coating and local rules matter
Corrugated moving box,Clean and dry; flattened; no packing materials,Recyclable,No preparation needed under the municipal rule.,https://www.normalil.gov/482/Recyclable-Items,Rule-derived example; checked 2026-09-21; not individually verified for SAMI,Common material; coating and local rules matter
Corrugated moving box,Clean and dry; not flattened; no packing materials,Recyclable after preparation,Flatten the cardboard before recycling.,https://www.normalil.gov/482/Recyclable-Items,Rule-derived example; checked 2026-09-21; not individually verified for SAMI,Common material; coating and local rules matter
Corrugated appliance box,Clean and dry; flattened; no packing materials,Recyclable,No preparation needed under the municipal rule.,https://www.normalil.gov/482/Recyclable-Items,Rule-derived example; checked 2026-09-21; not individually verified for SAMI,Common material; coating and local rules matter
Corrugated appliance box,Clean and dry; not flattened; no packing materials,Recyclable after preparation,Flatten the cardboard before recycling.,https://www.normalil.gov/482/Recyclable-Items,Rule-derived example; checked 2026-09-21; not individually verified for SAMI,Common material; coating and local rules matter
Corrugated produce box,Clean and dry; flattened; no packing materials,Recyclable,No preparation needed under the municipal rule.,https://www.normalil.gov/482/Recyclable-Items,Rule-derived example; checked 2026-09-21; not individually verified for SAMI,Common material; coating and local rules matter
Corrugated produce box,Clean and dry; not flattened; no packing materials,Recyclable after preparation,Flatten the cardboard before recycling.,https://www.normalil.gov/482/Recyclable-Items,Rule-derived example; checked 2026-09-21; not individually verified for SAMI,Common material; coating and local rules matter
Corrugated furniture box,Clean and dry; flattened; no packing materials,Recyclable,No preparation needed under the municipal rule.,https://www.normalil.gov/482/Recyclable-Items,Rule-derived example; checked 2026-09-21; not individually verified for SAMI,Common material; coating and local rules matter
Corrugated furniture box,Clean and dry; not flattened; no packing materials,Recyclable after preparation,Flatten the cardboard before recycling.,https://www.normalil.gov/482/Recyclable-Items,Rule-derived example; checked 2026-09-21; not individually verified for SAMI,Common material; coating and local rules matter
Corrugated book mailer,Clean and dry; flattened; no packing materials,Recyclable,No preparation needed under the municipal rule.,https://www.normalil.gov/482/Recyclable-Items,Rule-derived example; checked 2026-09-21; not individually verified for SAMI,Common material; coating and local rules matter
Corrugated book mailer,Clean and dry; not flattened; no packing materials,Recyclable after preparation,Flatten the cardboard before recycling.,https://www.normalil.gov/482/Recyclable-Items,Rule-derived example; checked 2026-09-21; not individually verified for SAMI,Common material; coating and local rules matter
Corrugated packing insert,Clean and dry; flattened; no packing materials,Recyclable,No preparation needed under the municipal rule.,https://www.normalil.gov/482/Recyclable-Items,Rule-derived example; checked 2026-09-21; not individually verified for SAMI,Common material; coating and local rules matter
Corrugated packing insert,Clean and dry; not flattened; no packing materials,Recyclable after preparation,Flatten the cardboard before recycling.,https://www.normalil.gov/482/Recyclable-Items,Rule-derived example; checked 2026-09-21; not individually verified for SAMI,Common material; coating and local rules matter
Corrugated electronics box,Clean and dry; flattened; no packing materials,Recyclable,No preparation needed under the municipal rule.,https://www.normalil.gov/482/Recyclable-Items,Rule-derived example; checked 2026-09-21; not individually verified for SAMI,Common material; coating and local rules matter
Corrugated electronics box,Clean and dry; not flattened; no packing materials,Recyclable after preparation,Flatten the cardboard before recycling.,https://www.normalil.gov/482/Recyclable-Items,Rule-derived example; checked 2026-09-21; not individually verified for SAMI,Common material; coating and local rules matter
Hardcover textbook,Clean dry pages; hard cover already removed,Recyclable,Recycle the pages under the municipal book rule.,https://www.normalil.gov/482/Recyclable-Items,Rule-derived example; checked 2026-09-21; not individually verified for SAMI,Paper guidance; specific preparation unverified for California
Hardcover textbook,Clean dry pages; hard cover still attached,Recyclable after preparation,Remove the hard cover; recycle the pages. Confirm disposal of the cover separately.,https://www.normalil.gov/482/Recyclable-Items,Rule-derived example; checked 2026-09-21; not individually verified for SAMI,Paper guidance; specific preparation unverified for California
Hardcover novel,Clean dry pages; hard cover already removed,Recyclable,Recycle the pages under the municipal book rule.,https://www.normalil.gov/482/Recyclable-Items,Rule-derived example; checked 2026-09-21; not individually verified for SAMI,Paper guidance; specific preparation unverified for California
Hardcover novel,Clean dry pages; hard cover still attached,Recyclable after preparation,Remove the hard cover; recycle the pages. Confirm disposal of the cover separately.,https://www.normalil.gov/482/Recyclable-Items,Rule-derived example; checked 2026-09-21; not individually verified for SAMI,Paper guidance; specific preparation unverified for California
Hardcover cookbook,Clean dry pages; hard cover already removed,Recyclable,Recycle the pages under the municipal book rule.,https://www.normalil.gov/482/Recyclable-Items,Rule-derived example; checked 2026-09-21; not individually verified for SAMI,Paper guidance; specific preparation unverified for California
Hardcover cookbook,Clean dry pages; hard cover still attached,Recyclable after preparation,Remove the hard cover; recycle the pages. Confirm disposal of the cover separately.,https://www.normalil.gov/482/Recyclable-Items,Rule-derived example; checked 2026-09-21; not individually verified for SAMI,Paper guidance; specific preparation unverified for California
Hardcover dictionary,Clean dry pages; hard cover already removed,Recyclable,Recycle the pages under the municipal book rule.,https://www.normalil.gov/482/Recyclable-Items,Rule-derived example; checked 2026-09-21; not individually verified for SAMI,Paper guidance; specific preparation unverified for California
Hardcover dictionary,Clean dry pages; hard cover still attached,Recyclable after preparation,Remove the hard cover; recycle the pages. Confirm disposal of the cover separately.,https://www.normalil.gov/482/Recyclable-Items,Rule-derived example; checked 2026-09-21; not individually verified for SAMI,Paper guidance; specific preparation unverified for California
Newspaper,Clean and dry; empty where applicable; no separate packaging,Recyclable,Accepted by the municipal mixed-paper rule.,https://www.normalil.gov/482/Recyclable-Items,Rule-derived example; checked 2026-09-21; not individually verified for SAMI,Common paper type; confirm local collection
Newspaper advertising insert,Clean and dry; empty where applicable; no separate packaging,Recyclable,Accepted by the municipal mixed-paper rule.,https://www.normalil.gov/482/Recyclable-Items,Rule-derived example; checked 2026-09-21; not individually verified for SAMI,Common paper type; confirm local collection
Telephone directory,Clean and dry; empty where applicable; no separate packaging,Recyclable,Accepted by the municipal mixed-paper rule.,https://www.normalil.gov/482/Recyclable-Items,Rule-derived example; checked 2026-09-21; not individually verified for SAMI,Paper guidance; specific preparation unverified for California
Loose printer paper,Clean and dry; empty where applicable; no separate packaging,Recyclable,Accepted by the municipal mixed-paper rule.,https://www.normalil.gov/482/Recyclable-Items,Rule-derived example; checked 2026-09-21; not individually verified for SAMI,Common paper type; confirm local collection
Notebook paper,Clean and dry; empty where applicable; no separate packaging,Recyclable,Accepted by the municipal mixed-paper rule.,https://www.normalil.gov/482/Recyclable-Items,Rule-derived example; checked 2026-09-21; not individually verified for SAMI,Common paper type; confirm local collection
Uncoated paper junk mail,Clean and dry; empty where applicable; no separate packaging,Recyclable,Accepted by the municipal mixed-paper rule.,https://www.normalil.gov/482/Recyclable-Items,Rule-derived example; checked 2026-09-21; not individually verified for SAMI,Common paper type; confirm local collection
Paper mailing envelope,Clean and dry; empty where applicable; no separate packaging,Recyclable,Accepted by the municipal mixed-paper rule.,https://www.normalil.gov/482/Recyclable-Items,Rule-derived example; checked 2026-09-21; not individually verified for SAMI,Common paper type; confirm local collection
Magazine,Clean and dry; empty where applicable; no separate packaging,Recyclable,Accepted by the municipal mixed-paper rule.,https://www.normalil.gov/482/Recyclable-Items,Rule-derived example; checked 2026-09-21; not individually verified for SAMI,Common paper type; confirm local collection
Paperboard cereal box,Clean and dry; empty where applicable; no separate packaging,Recyclable,Accepted by the municipal mixed-paper rule.,https://www.normalil.gov/482/Recyclable-Items,Rule-derived example; checked 2026-09-21; not individually verified for SAMI,Packaging classification; coating check needed
Paperboard cracker box,Clean and dry; empty where applicable; no separate packaging,Recyclable,Accepted by the municipal mixed-paper rule.,https://www.normalil.gov/482/Recyclable-Items,Rule-derived example; checked 2026-09-21; not individually verified for SAMI,Packaging classification; coating check needed
Paperboard pasta box,Clean and dry; empty where applicable; no separate packaging,Recyclable,Accepted by the municipal mixed-paper rule.,https://www.normalil.gov/482/Recyclable-Items,Rule-derived example; checked 2026-09-21; not individually verified for SAMI,Packaging classification; coating check needed
Paperboard frozen food box,Clean and dry; empty where applicable; no separate packaging,Recyclable,Accepted by the municipal mixed-paper rule.,https://www.normalil.gov/482/Recyclable-Items,Rule-derived example; checked 2026-09-21; not individually verified for SAMI,Packaging classification; coating check needed
Paperboard beverage carrier,Clean and dry; empty where applicable; no separate packaging,Recyclable,Accepted by the municipal mixed-paper rule.,https://www.normalil.gov/482/Recyclable-Items,Rule-derived example; checked 2026-09-21; not individually verified for SAMI,Packaging classification; coating check needed
Paperboard tissue box,Clean and dry; empty where applicable; no separate packaging,Recyclable,Accepted by the municipal mixed-paper rule.,https://www.normalil.gov/482/Recyclable-Items,Rule-derived example; checked 2026-09-21; not individually verified for SAMI,Packaging classification; coating check needed
Paper egg carton,Clean and dry; empty where applicable; no separate packaging,Recyclable,Accepted by the municipal mixed-paper rule.,https://www.normalil.gov/482/Recyclable-Items,Rule-derived example; checked 2026-09-21; not individually verified for SAMI,Packaging classification; coating check needed
Shredded office paper,Inside a clear plastic bag,Recyclable,Normal requires a clear plastic bag for shredded paper; confirm this specific exception with SAMI.,https://www.normalil.gov/482/Recyclable-Items,Rule-derived example; checked 2026-09-21; not individually verified for SAMI,Paper guidance; specific preparation unverified for California
Plastic produce bag,Plastic film; empty or clean,Not accepted in recycling,Keep out of municipal recycling. Check whether a separate film collection program accepts this type.,https://www.normalil.gov/483/Non-Recyclable-Items,Rule-derived example; checked 2026-09-21; not individually verified for SAMI,Film/bag guidance; confirm specific program
Plastic bread bag,Plastic film; empty or clean,Not accepted in recycling,Keep out of municipal recycling. Check whether a separate film collection program accepts this type.,https://www.normalil.gov/483/Non-Recyclable-Items,Rule-derived example; checked 2026-09-21; not individually verified for SAMI,Not accepted in curbside guide
Plastic newspaper sleeve,Plastic film; empty or clean,Not accepted in recycling,Keep out of municipal recycling. Check whether a separate film collection program accepts this type.,https://www.normalil.gov/483/Non-Recyclable-Items,Rule-derived example; checked 2026-09-21; not individually verified for SAMI,Film/bag guidance; confirm specific program
Plastic shrink wrap,Plastic film; empty or clean,Not accepted in recycling,Keep out of municipal recycling. Check whether a separate film collection program accepts this type.,https://www.normalil.gov/483/Non-Recyclable-Items,Rule-derived example; checked 2026-09-21; not individually verified for SAMI,Film/bag guidance; confirm specific program
Plastic pallet stretch wrap,Plastic film; empty or clean,Not accepted in recycling,Keep out of municipal recycling. Check whether a separate film collection program accepts this type.,https://www.normalil.gov/483/Non-Recyclable-Items,Rule-derived example; checked 2026-09-21; not individually verified for SAMI,Film/bag guidance; confirm specific program
Plastic dry-cleaning bag,Plastic film; empty or clean,Not accepted in recycling,Keep out of municipal recycling. Check whether a separate film collection program accepts this type.,https://www.normalil.gov/483/Non-Recyclable-Items,Rule-derived example; checked 2026-09-21; not individually verified for SAMI,Film/bag guidance; confirm specific program
Plastic tarp,Plastic film; empty or clean,Not accepted in recycling,Keep out of municipal recycling. Check whether a separate film collection program accepts this type.,https://www.normalil.gov/483/Non-Recyclable-Items,Rule-derived example; checked 2026-09-21; not individually verified for SAMI,Film/bag guidance; confirm specific program
Plastic bubble wrap,Plastic film; empty or clean,Not accepted in recycling,Keep out of municipal recycling. Check whether a separate film collection program accepts this type.,https://www.normalil.gov/483/Non-Recyclable-Items,Rule-derived example; checked 2026-09-21; not individually verified for SAMI,Not accepted in curbside guide
Expanded foam cup,Empty,Not accepted in recycling,Keep out of municipal recycling. Confirm the appropriate disposal or collection route.,https://www.normalil.gov/483/Non-Recyclable-Items,Rule-derived example; checked 2026-09-21; not individually verified for SAMI,Foam: no curbside approval in reviewed guidance
Expanded foam plate,No food remains,Not accepted in recycling,Keep out of municipal recycling. Confirm the appropriate disposal or collection route.,https://www.normalil.gov/483/Non-Recyclable-Items,Rule-derived example; checked 2026-09-21; not individually verified for SAMI,Foam: no curbside approval in reviewed guidance
Expanded foam packing block,Clean,Not accepted in recycling,Keep out of municipal recycling. Confirm the appropriate disposal or collection route.,https://www.normalil.gov/483/Non-Recyclable-Items,Rule-derived example; checked 2026-09-21; not individually verified for SAMI,Foam: no curbside approval in reviewed guidance
Polystyrene #6 deli container,Empty and rinsed,Not accepted in recycling,Keep out of municipal recycling. Confirm the appropriate disposal or collection route.,https://www.normalil.gov/483/Non-Recyclable-Items,Rule-derived example; checked 2026-09-21; not individually verified for SAMI,Check local #6-plastic acceptance
Polystyrene #6 egg carton,Empty,Not accepted in recycling,Keep out of municipal recycling. Confirm the appropriate disposal or collection route.,https://www.normalil.gov/483/Non-Recyclable-Items,Rule-derived example; checked 2026-09-21; not individually verified for SAMI,Check local #6-plastic acceptance
Motor oil bottle,Previously held motor oil,Not accepted in recycling,Keep out of municipal recycling. Confirm the appropriate disposal or collection route.,https://www.normalil.gov/483/Non-Recyclable-Items,Rule-derived example; checked 2026-09-21; not individually verified for SAMI,Hazardous-content guidance; empty-container status unresolved
Insecticide bottle,Previously held insecticide,Not accepted in recycling,Keep out of municipal recycling. Confirm the appropriate disposal or collection route.,https://www.normalil.gov/483/Non-Recyclable-Items,Rule-derived example; checked 2026-09-21; not individually verified for SAMI,Hazardous-content guidance; empty-container status unresolved
Herbicide bottle,Previously held herbicide,Not accepted in recycling,Keep out of municipal recycling. Confirm the appropriate disposal or collection route.,https://www.normalil.gov/483/Non-Recyclable-Items,Rule-derived example; checked 2026-09-21; not individually verified for SAMI,Hazardous-content guidance; empty-container status unresolved
Eight-pack plastic beverage rings,Empty,Not accepted in recycling,Keep out of municipal recycling. Confirm the appropriate disposal or collection route.,https://www.normalil.gov/483/Non-Recyclable-Items,Rule-derived example; checked 2026-09-21; not individually verified for SAMI,Item-specific California determination not established
Gable-top paper milk carton,Empty and rinsed,Not accepted in recycling,Keep out of municipal recycling. Confirm the appropriate disposal or collection route.,https://www.normalil.gov/483/Non-Recyclable-Items,Rule-derived example; checked 2026-09-21; not individually verified for SAMI,Check local carton acceptance
Gable-top paper juice carton,Empty and rinsed,Not accepted in recycling,Keep out of municipal recycling. Confirm the appropriate disposal or collection route.,https://www.normalil.gov/483/Non-Recyclable-Items,Rule-derived example; checked 2026-09-21; not individually verified for SAMI,Check local carton acceptance
Gable-top paper wine carton,Empty and rinsed,Not accepted in recycling,Keep out of municipal recycling. Confirm the appropriate disposal or collection route.,https://www.normalil.gov/483/Non-Recyclable-Items,Rule-derived example; checked 2026-09-21; not individually verified for SAMI,Check local carton acceptance
Soiled paper napkin,Food-soiled,Not accepted in recycling,Keep out of municipal recycling. Confirm the appropriate disposal or collection route.,https://www.normalil.gov/483/Non-Recyclable-Items,Rule-derived example; checked 2026-09-21; not individually verified for SAMI,Check local organics acceptance
Window glass pane,Intact,Not accepted in recycling,Keep out of municipal recycling. Confirm the appropriate disposal or collection route.,https://www.normalil.gov/483/Non-Recyclable-Items,Rule-derived example; checked 2026-09-21; not individually verified for SAMI,Not covered by bottle-and-jar acceptance
Glass mirror,Intact,Not accepted in recycling,Keep out of municipal recycling. Confirm the appropriate disposal or collection route.,https://www.normalil.gov/483/Non-Recyclable-Items,Rule-derived example; checked 2026-09-21; not individually verified for SAMI,Not covered by bottle-and-jar acceptance
Glass drinking tumbler,Empty and clean,Not accepted in recycling,Keep out of municipal recycling. Confirm the appropriate disposal or collection route.,https://www.normalil.gov/483/Non-Recyclable-Items,Rule-derived example; checked 2026-09-21; not individually verified for SAMI,Not covered by bottle-and-jar acceptance
Glass wine goblet,Empty and clean,Not accepted in recycling,Keep out of municipal recycling. Confirm the appropriate disposal or collection route.,https://www.normalil.gov/483/Non-Recyclable-Items,Rule-derived example; checked 2026-09-21; not individually verified for SAMI,Not covered by bottle-and-jar acceptance
Tempered glass baking dish,Empty and clean,Not accepted in recycling,Keep out of municipal recycling. Confirm the appropriate disposal or collection route.,https://www.normalil.gov/483/Non-Recyclable-Items,Rule-derived example; checked 2026-09-21; not individually verified for SAMI,Not covered by bottle-and-jar acceptance
Ceramic mug,Empty and clean,Not accepted in recycling,Keep out of municipal recycling. Confirm the appropriate disposal or collection route.,https://www.normalil.gov/483/Non-Recyclable-Items,Rule-derived example; checked 2026-09-21; not individually verified for SAMI,Not covered by bottle-and-jar acceptance
Ceramic plate,Empty and clean,Not accepted in recycling,Keep out of municipal recycling. Confirm the appropriate disposal or collection route.,https://www.normalil.gov/483/Non-Recyclable-Items,Rule-derived example; checked 2026-09-21; not individually verified for SAMI,Not covered by bottle-and-jar acceptance
Ceramic bowl,Empty and clean,Not accepted in recycling,Keep out of municipal recycling. Confirm the appropriate disposal or collection route.,https://www.normalil.gov/483/Non-Recyclable-Items,Rule-derived example; checked 2026-09-21; not individually verified for SAMI,Not covered by bottle-and-jar acceptance
Plastic toy car,Unwanted,Not accepted in recycling,Keep out of municipal recycling. Confirm the appropriate disposal or collection route.,https://www.normalil.gov/483/Non-Recyclable-Items,Rule-derived example; checked 2026-09-21; not individually verified for SAMI,Durable-item guidance requires local confirmation
Plastic toy blocks,Unwanted,Not accepted in recycling,Keep out of municipal recycling. Confirm the appropriate disposal or collection route.,https://www.normalil.gov/483/Non-Recyclable-Items,Rule-derived example; checked 2026-09-21; not individually verified for SAMI,Durable-item guidance requires local confirmation
Plastic toy bucket,Unwanted,Not accepted in recycling,Keep out of municipal recycling. Confirm the appropriate disposal or collection route.,https://www.normalil.gov/483/Non-Recyclable-Items,Rule-derived example; checked 2026-09-21; not individually verified for SAMI,Durable-item guidance requires local confirmation
NiMH rechargeable AA battery,Intact and unwanted,Not accepted in recycling,Use an appropriate battery collection program; confirm current acceptance and handling instructions.,https://www.normalil.gov/483/Non-Recyclable-Items,Rule-derived example; checked 2026-09-21; not individually verified for SAMI,Special collection required in California
NiCd power-tool battery,Intact and unwanted,Not accepted in recycling,Use an appropriate battery collection program; confirm current acceptance and handling instructions.,https://www.normalil.gov/483/Non-Recyclable-Items,Rule-derived example; checked 2026-09-21; not individually verified for SAMI,Special collection required in California
Lithium-ion laptop battery,Intact and unwanted,Not accepted in recycling,Use an appropriate battery collection program; confirm current acceptance and handling instructions.,https://www.normalil.gov/483/Non-Recyclable-Items,Rule-derived example; checked 2026-09-21; not individually verified for SAMI,Special collection required in California
Lithium-ion phone battery,Intact and unwanted,Not accepted in recycling,Use an appropriate battery collection program; confirm current acceptance and handling instructions.,https://www.normalil.gov/483/Non-Recyclable-Items,Rule-derived example; checked 2026-09-21; not individually verified for SAMI,Special collection required in California
Camping propane cylinder,Unwanted; may contain residual fuel,Not accepted in recycling,Keep out of recycling; ask the supplier or an approved collection service about safe return.,https://www.normalil.gov/483/Non-Recyclable-Items,Rule-derived example; checked 2026-09-21; not individually verified for SAMI,Special collection required in California
Barbecue propane tank,Unwanted; may contain residual fuel,Not accepted in recycling,Keep out of recycling; ask the supplier or an approved collection service about safe return.,https://www.normalil.gov/483/Non-Recyclable-Items,Rule-derived example; checked 2026-09-21; not individually verified for SAMI,Special collection required in California
Alkaline AA battery,Used; not rechargeable,Not accepted in recycling,Keep out of recycling. Check current local battery disposal or collection instructions.,https://www.normalil.gov/483/Non-Recyclable-Items,Rule-derived example; checked 2026-09-21; not individually verified for SAMI,Special collection required in California
Alkaline AAA battery,Used; not rechargeable,Not accepted in recycling,Keep out of recycling. Check current local battery disposal or collection instructions.,https://www.normalil.gov/483/Non-Recyclable-Items,Rule-derived example; checked 2026-09-21; not individually verified for SAMI,Special collection required in California
